Date,Time,Moisture,Temperature,Humidity,X,Y,Z,R,G,B
11/14/2019,13:16:03,283,124.99,99.99,2,0.25,1.01,,,
11/14/2019,13:16:14,129,124.99,99.99,2,0.24,1,,,
11/14/2019,13:16:25,128,124.99,99.99,2,0.23,1,,,
11/14/2019,13:16:35,278,124.99,99.99,2,0.24,1.01,,,
11/14/2019,13:16:46,120,124.99,99.99,2,0.23,1.06,,,
11/14/2019,13:16:57,120,124.99,99.99,2,0.25,1,,,
11/14/2019,13:17:08,120,124.99,99.99,2,0.24,1,,,
11/14/2019,13:17:19,121,124.99,99.99,2,0.25,1,,,
11/14/2019,13:17:30,120,124.99,99.99,2,0.25,1.01,,,
11/14/2019,13:17:41,119,124.99,99.99,2,0.24,1.01,,,
11/14/2019,13:17:52,120,124.99,99.99,2,0.24,1.01,,,
11/14/2019,13:18:03,120,124.99,99.99,2,0.24,1.01,,,
11/14/2019,13:18:14,118,124.99,99.99,2,0.24,1,,,
11/14/2019,13:18:25,124,124.99,99.99,2,0.25,1.02,,,
11/14/2019,13:18:36,116,124.99,99.99,2,0.25,1.01,,,
11/14/2019,13:18:47,121,124.99,99.99,2,0.24,1.01,,,
11/14/2019,13:18:58,117,124.99,99.99,2,0.25,1.01,,,
11/14/2019,13:19:09,116,124.99,99.99,2,0.25,1,,,
11/14/2019,13:19:20,116,124.99,99.99,2,0.24,1.01,,,
11/14/2019,13:19:31,116,124.99,99.99,2,0.24,1.01,,,
11/14/2019,13:19:42,117,124.99,99.99,2,0.24,1.01,,,
11/14/2019,13:19:53,115,124.99,99.99,2,0.24,1.01,,,
11/14/2019,13:20:04,121,124.99,99.99,2,0.24,1,,,
11/14/2019,13:20:15,105,124.99,99.99,2,0.24,1.01,,,
11/14/2019,13:20:26,120,124.99,99.99,2,0.24,1.01,,,
11/14/2019,13:20:37,116,124.99,99.99,2,0.25,1.01,,,
11/14/2019,13:20:48,115,124.99,99.99,2,0.25,1,,,
11/14/2019,13:20:59,120,124.99,99.99,2,0.24,1.01,,,
11/14/2019,13:21:10,116,124.99,99.99,2,0.25,1.01,,,
11/14/2019,13:21:21,119,124.99,99.99,2,0.24,1.01,,,
11/14/2019,13:21:32,119,124.99,99.99,2,0.25,1.01,,,
11/14/2019,13:21:43,115,124.99,99.99,2,0.25,1.01,,,
11/14/2019,13:21:54,114,124.99,99.99,2,0.24,1,,,
11/14/2019,13:22:05,113,124.99,99.99,2,0.24,1,,,
11/14/2019,13:22:16,113,124.99,99.99,2,0.24,1.01,,,
11/14/2019,13:22:27,114,124.99,99.99,2,0.25,1.01,,,
11/14/2019,13:22:38,114,124.99,99.99,2,0.25,1,,,
11/14/2019,13:22:49,110,124.99,99.99,2,0.24,1.01,,,
11/14/2019,13:23:00,112,124.99,99.99,2,0.24,1,,,
11/14/2019,13:23:11,114,124.99,99.99,2,0.24,1.01,,,
11/14/2019,13:23:22,120,124.99,99.99,2,0.24,1.01,,,
11/14/2019,13:23:33,112,124.99,99.99,2,0.24,1.01,,,
11/14/2019,13:23:44,124,124.99,99.99,2,0.24,1.01,,,
11/14/2019,13:23:55,117,124.99,99.99,2,0.24,1,,,
11/14/2019,13:24:06,116,124.99,99.99,2,0.24,1.01,,,
11/14/2019,13:24:17,113,124.99,99.99,2,0.24,1,,,
11/14/2019,13:24:28,114,124.99,99.99,2,0.24,1.01,,,
11/14/2019,13:24:39,179,124.99,99.99,2,0.25,1.01,,,
11/14/2019,13:24:50,112,124.99,99.99,2,0.25,1,,,
11/14/2019,13:25:01,111,124.99,99.99,2,0.24,1,,,
11/14/2019,13:25:12,107,124.99,99.99,2,0.24,1,,,
11/14/2019,13:25:23,112,124.99,99.99,2,0.24,1,,,
11/14/2019,13:25:34,114,124.99,99.99,2,0.25,1,,,
11/14/2019,13:25:45,111,124.99,99.99,2,0.25,1.01,,,
11/14/2019,13:25:56,97,124.99,99.99,2,0.24,1.01,,,
11/14/2019,13:26:07,112,124.99,99.99,2,0.25,1.01,,,
11/14/2019,13:26:18,111,124.99,99.99,2,0.24,1,,,
11/14/2019,13:26:29,113,124.99,99.99,2,0.24,1.01,,,
11/14/2019,13:26:40,111,124.99,99.99,2,0.24,1,,,
11/14/2019,13:26:51,115,124.99,99.99,2,0.24,1,,,
11/14/2019,13:27:02,112,124.99,99.99,2,0.24,1.01,,,
11/14/2019,13:27:13,115,124.99,99.99,2,0.25,1,,,
11/14/2019,13:27:24,115,124.99,99.99,2,0.25,1,,,
11/14/2019,13:27:35,111,124.99,99.99,2,0.24,1.01,,,
11/14/2019,13:27:46,113,124.99,99.99,2,0.25,1.01,,,
11/14/2019,13:27:57,117,124.99,99.99,2,0.25,1,,,
11/14/2019,13:28:08,110,124.99,99.99,2,0.25,1,,,
11/14/2019,13:28:19,112,124.99,99.99,2,0.24,1.01,,,
11/14/2019,13:28:30,110,124.99,99.99,2,0.24,1,,,
11/14/2019,13:28:41,112,124.99,99.99,2,0.25,1,,,
11/14/2019,13:28:52,111,124.99,99.99,2,0.24,1.01,,,
11/14/2019,13:29:03,111,124.99,99.99,2,0.25,1.01,,,
11/14/2019,13:29:14,109,124.99,99.99,2,0.25,0.97,,,
11/14/2019,13:29:25,110,124.99,99.99,2,0.25,1.01,,,
11/14/2019,13:29:36,115,124.99,99.99,2,0.25,1.01,,,
11/14/2019,13:29:47,109,124.99,99.99,2,0.24,1.01,,,
11/14/2019,13:29:58,109,124.99,99.99,2,0.25,1.01,,,
11/14/2019,13:30:09,115,124.99,99.99,2,0.24,1.01,,,
11/14/2019,13:30:20,108,124.99,99.99,2,0.25,1.01,,,
11/14/2019,13:30:31,109,124.99,99.99,2,0.25,1,,,
11/14/2019,13:30:42,114,124.99,99.99,2,0.25,1.01,,,
11/14/2019,13:30:53,110,124.99,99.99,2,0.25,1.01,,,
11/14/2019,13:31:04,109,124.99,99.99,2,0.24,1.01,,,
11/14/2019,13:31:15,102,124.99,99.99,2,0.24,1.01,,,
11/14/2019,13:31:26,108,124.99,99.99,2,0.24,1,,,
11/14/2019,13:31:37,114,124.99,99.99,2,0.25,1.01,,,
11/14/2019,13:31:48,114,124.99,99.99,2,0.24,1,,,
11/14/2019,13:31:59,124,124.99,99.99,2,0.25,1,,,
11/14/2019,13:32:10,133,124.99,99.99,2,0.25,1.01,,,
11/14/2019,13:32:21,114,124.99,99.99,2,0.24,1.01,,,
11/14/2019,13:32:32,108,124.99,99.99,2,0.25,1,,,
11/14/2019,13:32:43,108,124.99,99.99,2,0.24,1.01,,,
11/14/2019,13:32:54,110,124.99,99.99,2,0.25,1,,,
11/14/2019,13:33:05,113,124.99,99.99,2,0.25,1,,,
11/14/2019,13:33:16,111,124.99,99.99,2,0.24,1,,,
11/14/2019,13:33:27,113,124.99,99.99,2,0.24,1.01,,,
11/14/2019,13:33:38,113,124.99,99.99,2,0.24,1.01,,,
11/14/2019,13:33:49,107,124.99,99.99,2,0.24,1.01,,,
11/14/2019,13:34:00,109,124.99,99.99,2,0.25,1.01,,,
11/14/2019,13:34:11,109,124.99,99.99,2,0.24,1.01,,,
11/14/2019,13:34:22,108,124.99,99.99,2,0.24,1,,,
11/14/2019,13:34:33,108,124.99,99.99,2,0.24,1,,,
11/14/2019,13:34:44,108,124.99,99.99,2,0.24,1,,,
11/14/2019,13:34:55,111,124.99,99.99,2,0.24,1,,,
11/14/2019,13:35:06,110,124.99,99.99,2,0.25,1.01,,,
11/14/2019,13:35:17,108,124.99,99.99,2,0.24,1,,,
11/14/2019,13:35:28,109,124.99,99.99,2,0.24,1,,,
11/14/2019,13:35:39,111,124.99,99.99,2,0.24,1.01,,,
11/14/2019,13:35:50,107,124.99,99.99,2,0.24,1.01,,,
11/14/2019,13:36:01,107,124.99,99.99,2,0.25,1.01,,,
11/14/2019,13:36:12,112,124.99,99.99,2,0.24,1,,,
11/14/2019,13:36:23,107,124.99,99.99,2,0.24,1.01,,,
11/14/2019,13:36:34,109,124.99,99.99,2,0.25,1,,,
11/14/2019,13:36:45,113,124.99,99.99,2,0.25,1,,,
11/14/2019,13:36:56,108,124.99,99.99,2,0.24,1.01,,,
11/14/2019,13:37:07,110,124.99,99.99,2,0.24,1,,,
11/14/2019,13:37:18,113,124.99,99.99,2,0.24,1,,,
11/14/2019,13:37:29,113,124.99,99.99,2,0.24,1,,,
11/14/2019,13:37:40,113,124.99,99.99,2,0.25,1,,,
11/14/2019,13:37:51,108,124.99,99.99,2,0.25,1,,,
11/14/2019,13:38:02,105,124.99,99.99,2,0.24,1,,,
11/14/2019,13:38:13,114,124.99,99.99,2,0.25,1,,,
11/14/2019,13:38:24,91,124.99,99.99,2,0.24,1.02,,,
11/14/2019,13:38:35,110,124.99,99.99,2,0.25,1.01,,,
11/14/2019,13:38:46,109,124.99,99.99,2,0.24,1.01,,,
11/14/2019,13:38:57,106,124.99,99.99,2,0.24,1.02,,,
11/14/2019,13:39:08,108,124.99,99.99,2,0.24,1,,,
11/14/2019,13:39:19,107,124.99,99.99,2,0.24,1.01,,,
11/14/2019,13:39:30,104,124.99,99.99,2,0.24,1,,,
11/14/2019,13:39:41,105,124.99,99.99,2,0.24,1.01,,,
11/14/2019,13:39:52,104,124.99,99.99,2,0.24,0.99,,,
11/14/2019,13:40:03,109,124.99,99.99,2,0.24,1.01,,,
11/14/2019,13:40:14,103,124.99,99.99,2,0.24,1.01,,,
11/14/2019,13:40:25,105,124.99,99.99,2,0.24,1.01,,,
11/14/2019,13:40:36,104,124.99,99.99,2,0.24,1,,,
11/14/2019,13:40:47,110,124.99,99.99,2,0.24,1.01,,,
11/14/2019,13:41:00,270,124.99,99.99,2,0.24,1,,,
11/14/2019,13:41:11,112,124.99,99.99,2,0.24,1,,,
11/14/2019,13:41:22,89,124.99,99.99,2,0.25,1.01,,,
11/14/2019,13:41:33,109,124.99,99.99,2,0.25,1,,,
11/14/2019,13:41:44,110,124.99,99.99,2,0.24,0.99,,,
11/14/2019,13:41:55,114,124.99,99.99,2,0.24,1,,,
11/14/2019,13:42:06,108,124.99,99.99,2,0.24,1.01,,,
11/14/2019,13:42:17,108,124.99,99.99,2,0.24,1,,,
11/14/2019,13:42:28,111,124.99,99.99,2,0.24,1.01,,,
11/14/2019,13:42:39,108,124.99,99.99,2,0.25,1.01,,,
11/14/2019,13:42:50,108,124.99,99.99,2,0.25,1.01,,,
11/14/2019,13:43:01,108,124.99,99.99,2,0.24,1,,,
11/14/2019,13:43:12,108,124.99,99.99,2,0.24,1,,,
11/14/2019,13:43:23,108,124.99,99.99,2,0.25,1.01,,,
11/14/2019,13:43:34,107,124.99,99.99,2,0.24,1.01,,,
11/14/2019,13:43:45,107,124.99,99.99,2,0.24,1.01,,,
11/14/2019,13:43:56,111,124.99,99.99,2,0.24,0.99,,,
11/14/2019,13:44:07,108,124.99,99.99,2,0.24,1,,,
11/14/2019,13:44:18,107,124.99,99.99,2,0.24,0.99,,,
11/14/2019,13:44:29,107,124.99,99.99,2,0.24,1,,,
11/14/2019,13:44:40,106,124.99,99.99,2,0.24,1,,,
11/14/2019,13:44:51,108,124.99,99.99,2,0.24,1,,,
11/14/2019,13:45:02,112,124.99,99.99,2,0.24,1,,,
11/14/2019,13:45:13,107,124.99,99.99,2,0.24,1,,,
11/14/2019,13:45:24,107,124.99,99.99,2,0.25,1,,,
11/14/2019,13:45:35,107,124.99,99.99,2,0.24,0.97,,,
11/14/2019,13:45:46,108,124.99,99.99,2,0.24,1,,,
11/14/2019,13:45:57,108,124.99,99.99,2,0.24,1,,,
11/14/2019,13:46:08,107,124.99,99.99,2,0.24,0.99,,,
11/14/2019,13:46:19,108,124.99,99.99,2,0.24,1,,,
11/14/2019,13:46:30,107,124.99,99.99,2,0.24,1,,,
11/14/2019,13:46:41,107,124.99,99.99,2,0.24,1.02,,,
11/14/2019,13:46:52,113,124.99,99.99,2,0.24,1.01,,,
11/14/2019,13:47:03,111,124.99,99.99,2,0.24,1.01,,,
11/14/2019,13:47:14,108,124.99,99.99,2,0.24,1.01,,,
11/14/2019,13:47:25,108,124.99,99.99,2,0.24,1,,,
11/14/2019,13:47:36,112,124.99,99.99,2,0.24,1.01,,,
11/14/2019,13:47:47,109,124.99,99.99,2,0.25,1,,,
11/14/2019,13:47:58,108,124.99,99.99,2,0.25,1,,,
11/14/2019,13:48:09,112,124.99,99.99,2,0.24,1.01,,,
11/14/2019,13:48:20,109,124.99,99.99,2,0.25,1,,,
11/14/2019,13:48:31,108,124.99,99.99,2,0.24,1,,,
11/14/2019,13:48:42,108,124.99,99.99,2,0.24,1.01,,,
11/14/2019,13:48:53,108,124.99,99.99,2,0.25,1,,,
11/14/2019,13:49:04,113,124.99,99.99,2,0.24,1.01,,,
11/14/2019,13:49:15,113,124.99,99.99,2,0.24,0.99,,,
11/14/2019,13:49:26,107,124.99,99.99,2,0.24,1,,,
11/14/2019,13:49:37,102,124.99,99.99,2,0.24,1,,,
11/14/2019,13:49:48,108,124.99,99.99,2,0.24,1,,,
11/14/2019,13:49:59,113,124.99,99.99,2,0.25,1.01,,,
11/14/2019,13:50:10,108,124.99,99.99,2,0.24,1.01,,,
11/14/2019,13:50:21,112,124.99,99.99,2,0.25,1,,,
11/14/2019,13:50:32,111,124.99,99.99,2,0.24,1,,,
11/14/2019,13:50:43,113,124.99,99.99,2,0.24,1.01,,,
11/14/2019,13:50:54,109,124.99,99.99,2,0.25,1,,,
11/14/2019,13:51:05,112,124.99,99.99,2,0.24,1,,,
11/14/2019,13:51:16,109,124.99,99.99,2,0.24,1.01,,,
11/14/2019,13:51:27,108,124.99,99.99,2,0.24,1.01,,,
11/14/2019,13:51:38,112,124.99,99.99,2,0.24,1.01,,,
11/14/2019,13:51:49,109,124.99,99.99,2,0.24,1,,,
11/14/2019,13:52:00,113,124.99,99.99,2,0.24,1,,,
11/14/2019,13:52:11,108,124.99,99.99,2,0.24,1,,,
11/14/2019,13:52:22,109,124.99,99.99,2,0.24,1.01,,,
11/14/2019,13:52:33,108,124.99,99.99,2,0.24,1.01,,,
11/14/2019,13:52:44,109,124.99,99.99,2,0.24,1.01,,,
11/14/2019,13:52:55,110,124.99,99.99,2,0.24,1.01,,,
11/14/2019,13:53:06,110,124.99,99.99,2,0.24,1.01,,,
11/14/2019,13:53:17,109,124.99,99.99,2,0.25,1,,,
11/14/2019,13:53:28,109,124.99,99.99,2,0.24,1,,,
11/14/2019,13:53:39,109,124.99,99.99,2,0.24,0.99,,,
11/14/2019,13:53:50,110,124.99,99.99,2,0.25,1.01,,,
11/14/2019,13:54:01,113,124.99,99.99,2,0.24,1.01,,,
11/14/2019,13:54:12,115,124.99,99.99,2,0.24,1.01,,,
11/14/2019,13:54:23,109,124.99,99.99,2,0.24,1.01,,,
11/14/2019,13:54:34,110,124.99,99.99,2,0.24,1,,,
11/14/2019,13:54:45,98,124.99,99.99,2,0.24,1,,,
11/14/2019,13:54:56,110,124.99,99.99,2,0.24,1,,,
11/14/2019,13:55:07,109,124.99,99.99,2,0.24,1.01,,,
11/14/2019,13:55:18,114,124.99,99.99,2,0.24,1,,,
11/14/2019,13:55:29,109,124.99,99.99,2,0.24,1.01,,,
11/14/2019,13:55:40,109,124.99,99.99,2,0.24,1.01,,,
11/14/2019,13:55:51,111,124.99,99.99,2,0.24,1,,,
11/14/2019,13:56:02,110,124.99,99.99,2,0.24,0.99,,,
11/14/2019,13:56:13,109,124.99,99.99,2,0.24,1,,,
11/14/2019,13:56:24,114,124.99,99.99,2,0.25,1,,,
11/14/2019,13:56:35,109,124.99,99.99,2,0.24,1.01,,,
11/14/2019,13:56:46,115,124.99,99.99,2,0.24,1,,,
11/14/2019,13:56:57,114,124.99,99.99,2,0.24,1.01,,,
11/14/2019,13:57:08,114,124.99,99.99,2,0.24,1.01,,,
11/14/2019,13:57:19,109,124.99,99.99,2,0.24,1.01,,,
11/14/2019,13:57:30,114,124.99,99.99,2,0.24,1,,,
11/14/2019,13:57:41,144,124.99,99.99,2,0.24,1.02,,,
11/14/2019,13:57:52,115,124.99,99.99,2,0.25,1,,,
11/18/2019,11:30:40,1023,4.68,93.91,0.34,-0.19,0.91,,,
11/18/2019,11:30:51,1023,4.77,94.21,0.33,-0.2,0.9,,,
11/18/2019,11:31:02,1023,4.87,94.29,0.34,-0.19,0.9,,,
11/18/2019,11:31:13,1023,4.92,94.28,0.34,-0.19,0.9,,,
11/18/2019,11:31:24,1023,4.96,94.15,0.34,-0.19,0.9,,,
11/18/2019,11:31:35,1023,4.99,93.95,0.34,-0.19,0.9,,,
11/18/2019,11:31:46,1023,5.05,94.42,0.33,-0.19,0.9,,,
11/18/2019,11:31:57,1023,5.18,94.81,0.34,-0.19,0.9,,,
11/18/2019,11:32:08,1023,5.25,94.62,0.34,-0.2,0.9,,,
11/18/2019,11:32:19,1023,5.24,93.87,0.34,-0.19,0.9,,,
11/18/2019,11:32:31,882,5.24,93.12,0.33,-0.19,0.9,,,
11/18/2019,11:32:42,873,5.2,92.74,0.34,-0.2,0.9,,,
11/18/2019,11:32:55,473,5.18,92.58,0.33,-0.19,0.9,,,
11/18/2019,11:33:06,482,5.14,92.67,0.34,-0.19,0.9,,,
11/18/2019,11:33:18,487,5.13,92.82,0.34,-0.19,0.9,,,
11/18/2019,11:33:29,496,5.12,92.97,0.33,-0.19,0.9,,,
11/18/2019,11:33:40,485,5.12,93.05,0.34,-0.19,0.9,,,
11/18/2019,11:33:51,472,5.14,93.02,0.33,-0.19,0.9,,,
11/18/2019,11:34:03,498,5.12,92.91,0.34,-0.19,0.91,,,
11/18/2019,11:34:14,471,5.12,92.79,0.34,-0.19,0.9,,,
11/18/2019,11:34:25,485,5.06,92.67,0.33,-0.2,0.91,,,
11/18/2019,11:34:37,510,5.05,92.49,0.34,-0.19,0.91,,,
11/18/2019,11:34:48,499,5.03,92.43,0.33,-0.19,0.91,,,
11/18/2019,11:35:00,487,4.98,92.38,0.33,-0.19,0.91,,,
11/18/2019,11:36:09,461,4.92,92.96,0.33,-0.19,0.91,,,
11/18/2019,11:36:26,471,4.94,92.99,0.34,-0.19,0.91,,,
11/18/2019,11:36:44,460,4.92,93.02,0.34,-0.19,0.9,,,
11/18/2019,11:37:03,480,4.95,93.03,0.34,-0.19,0.9,,,
11/18/2019,11:37:14,549,4.94,93.03,0.34,-0.19,0.9,,,
11/18/2019,11:37:26,467,4.94,93.07,0.33,-0.19,0.91,,,
11/18/2019,11:37:47,447,4.95,93.12,0.33,-0.19,0.9,,,
11/18/2019,11:38:08,488,4.98,93.12,0.33,-0.19,0.91,,,
11/18/2019,11:38:28,495,4.99,93.18,0.34,-0.19,0.9,,,
11/18/2019,11:38:49,467,5.03,93.16,0.34,-0.19,0.91,,,
11/18/2019,11:39:10,481,5.02,93.13,0.34,-0.2,0.9,,,
11/18/2019,11:39:21,448,5.03,93.2,0.34,-0.19,0.91,,,
11/18/2019,11:39:40,478,5.07,93.4,0.34,-0.19,0.91,,,
11/18/2019,11:39:56,460,5.09,93.37,0.34,-0.19,0.9,,,
11/18/2019,11:40:08,540,5.14,93.25,0.33,-0.19,0.9,,,
11/18/2019,11:41:02,448,5.18,92.88,0.34,-0.19,0.9,,,
11/18/2019,11:41:29,471,5.2,92.66,0.33,-0.2,0.91,,,
11/18/2019,11:42:06,430,5.16,92.6,0.33,-0.19,0.9,,,
11/20/2019,9:59:32,362,6.55,64.61,0.34,-0.2,0.9,,,
11/20/2019,10:02:39,355,6.46,65.35,0.34,-0.19,0.91,,,
11/20/2019,10:03:04,342,6.5,65.35,0.34,-0.2,0.91,,,
11/20/2019,10:03:38,328,6.56,64.61,0.34,-0.2,0.91,,,
11/20/2019,10:04:07,338,6.55,64.67,0.34,-0.2,0.91,,,
11/20/2019,12:23:45,294,8.25,55.54,0.33,-0.19,0.9,,,
11/20/2019,12:23:56,302,8.25,55.69,0.33,-0.19,0.9,,,
11/20/2019,12:24:07,264,8.27,56.16,0.34,-0.19,0.9,,,
11/20/2019,12:24:18,281,8.29,55.66,0.34,-0.19,0.9,,,
11/20/2019,12:24:30,330,8.32,55.03,0.34,-0.2,0.91,,,
11/20/2019,12:24:42,273,8.32,54.63,0.34,-0.2,0.9,,,
11/20/2019,12:24:53,282,8.35,55.07,0.34,-0.2,0.91,,,
11/20/2019,12:25:04,272,8.38,55.97,0.34,-0.2,0.9,,,
11/20/2019,12:25:16,304,8.42,56.55,0.34,-0.2,0.91,,,
11/20/2019,12:25:28,308,8.45,56.2,0.34,-0.2,0.9,,,
11/20/2019,12:25:40,291,8.5,55.6,0.34,-0.19,0.91,,,
11/20/2019,12:25:52,278,8.54,55.29,0.33,-0.2,0.9,,,
11/20/2019,12:26:04,403,8.57,54.96,0.34,-0.19,0.9,,,
11/20/2019,12:26:16,302,8.56,55.06,0.34,-0.2,0.9,,,
11/20/2019,12:26:28,288,8.53,54.94,0.34,-0.2,0.9,,,
11/20/2019,12:26:40,322,8.51,54.88,0.34,-0.19,0.9,,,
11/20/2019,12:26:51,310,8.53,54.96,0.34,-0.19,0.9,,,
11/20/2019,12:27:03,258,8.53,54.85,0.34,-0.2,0.9,,,
11/20/2019,12:27:15,296,8.51,54.63,0.34,-0.19,0.9,,,
11/20/2019,12:27:27,289,8.5,54.32,0.33,-0.19,0.91,,,
11/20/2019,12:27:39,290,8.5,54.08,0.34,-0.2,0.91,,,
11/20/2019,12:27:50,296,8.51,54.28,0.34,-0.19,0.9,,,
11/20/2019,12:28:02,261,8.56,54.77,0.34,-0.19,0.91,,,
11/20/2019,12:28:14,365,8.57,54.13,0.34,-0.2,0.9,,,
11/20/2019,12:28:26,267,8.54,53.56,0.34,-0.19,0.91,,,
11/20/2019,12:28:37,375,8.54,53.51,0.34,-0.2,0.91,,,
11/20/2019,12:28:49,336,8.54,53.56,0.34,-0.19,0.9,,,
11/20/2019,12:29:00,304,8.51,53.55,0.34,-0.2,0.9,,,
11/20/2019,12:29:12,296,8.54,53.34,0.34,-0.19,0.91,,,
11/20/2019,12:29:24,372,8.54,53.47,0.34,-0.2,0.9,,,
11/20/2019,12:29:35,321,8.53,53.86,0.33,-0.2,0.9,,,
11/20/2019,12:29:47,353,8.56,54.13,0.34,-0.2,0.9,,,
11/20/2019,12:29:58,306,8.57,54.88,0.34,-0.19,0.9,,,
11/20/2019,12:30:10,284,8.58,54.48,0.34,-0.2,0.91,,,
11/20/2019,12:30:21,279,8.6,54.32,0.34,-0.19,0.9,,,
11/20/2019,12:30:33,283,8.61,54.6,0.34,-0.2,0.89,,,
11/20/2019,12:30:44,294,8.65,54.66,0.34,-0.19,0.9,,,
11/20/2019,12:30:55,270,8.69,55.49,0.34,-0.19,0.91,,,
11/20/2019,12:31:07,297,8.72,55.87,0.34,-0.19,0.9,,,
11/20/2019,12:31:18,298,8.76,55.07,0.34,-0.2,0.91,,,
11/20/2019,12:31:29,316,8.79,55.13,0.34,-0.2,0.9,,,
11/20/2019,12:31:41,270,8.79,54.8,0.34,-0.19,0.91,,,
11/20/2019,12:31:52,302,8.83,55.74,0.33,-0.19,0.91,,,
11/20/2019,12:32:03,363,8.85,55.38,0.34,-0.19,0.9,,,
11/20/2019,12:32:15,301,8.87,55.87,0.34,-0.19,0.91,,,
11/20/2019,12:32:26,264,8.87,55.79,0.34,-0.19,0.9,,,
11/20/2019,12:32:37,317,8.91,56.04,0.34,-0.2,0.9,,,
11/20/2019,12:32:48,313,8.97,55.38,0.33,-0.19,0.91,,,
11/20/2019,12:33:00,305,9,54.19,0.34,-0.19,0.91,,,
11/20/2019,12:33:11,356,9,53.42,0.33,-0.19,0.91,,,
11/20/2019,12:33:22,299,8.96,53.07,0.34,-0.19,0.9,,,
11/20/2019,12:33:33,310,8.94,52.84,0.33,-0.19,0.9,,,
11/20/2019,12:33:44,316,8.91,52.83,0.34,-0.2,0.9,,,
11/20/2019,12:33:55,320,8.89,53.07,0.34,-0.2,0.91,,,
11/20/2019,12:34:06,349,8.86,53.38,0.34,-0.19,0.9,,,
11/20/2019,12:34:18,316,8.87,53.33,0.34,-0.19,0.9,,,
11/20/2019,12:34:29,319,8.86,53.22,0.33,-0.19,0.9,,,
11/20/2019,12:34:40,300,8.87,53.13,0.34,-0.19,0.91,,,
11/20/2019,12:34:51,293,8.87,52.91,0.34,-0.2,0.91,,,
11/20/2019,12:35:02,293,8.86,52.92,0.34,-0.19,0.9,,,
11/20/2019,12:35:13,263,8.89,53.63,0.34,-0.19,0.9,,,
11/20/2019,12:35:24,299,8.89,53.75,0.34,-0.2,0.91,,,
11/20/2019,12:35:35,340,8.86,54,0.33,-0.2,0.9,,,
11/20/2019,12:35:46,380,8.86,53.63,0.34,-0.19,0.91,,,
11/20/2019,12:35:57,275,8.85,53.04,0.33,-0.2,0.9,,,
11/20/2019,12:36:08,262,8.82,52.7,0.33,-0.2,0.91,,,
11/20/2019,12:36:19,285,8.78,52.8,0.34,-0.2,0.91,,,
11/20/2019,12:36:31,275,8.75,53.21,0.34,-0.2,0.9,,,
11/20/2019,12:36:42,311,8.72,53.38,0.33,-0.2,0.91,,,
11/20/2019,12:36:53,320,8.71,53.96,0.34,-0.19,0.91,,,
11/20/2019,12:37:04,309,8.71,54.13,0.34,-0.19,0.9,,,
11/20/2019,12:37:15,288,8.69,53.74,0.34,-0.2,0.9,,,
11/20/2019,12:37:26,300,8.71,53.71,0.34,-0.19,0.9,,,
11/20/2019,12:37:37,308,8.72,53.56,0.33,-0.19,0.91,,,
11/20/2019,12:37:49,314,8.71,53.45,0.34,-0.19,0.91,,,
11/20/2019,12:38:00,299,8.71,53.56,0.34,-0.2,0.91,,,
11/20/2019,12:38:11,281,8.71,54.19,0.34,-0.19,0.9,,,
11/20/2019,12:38:22,311,8.76,54.65,0.34,-0.19,0.9,,,
11/20/2019,12:38:33,310,8.78,54.63,0.34,-0.19,0.91,,,
11/20/2019,12:38:45,302,8.79,54.49,0.34,-0.2,0.91,,,
11/20/2019,12:38:56,301,8.78,53.98,0.34,-0.2,0.91,,,
11/20/2019,12:39:07,293,8.79,53.67,0.34,-0.19,0.9,,,
11/20/2019,12:39:18,265,8.75,53.59,0.34,-0.2,0.9,,,
11/20/2019,12:39:30,299,8.71,53.8,0.33,-0.2,0.91,,,
11/20/2019,12:39:41,303,8.71,54.24,0.34,-0.2,0.9,,,
11/20/2019,12:39:49,354,8.71,54.42,0.34,-0.19,0.9,,,
11/20/2019,12:40:01,298,8.69,54.41,0.34,-0.2,0.91,,,
11/20/2019,12:40:12,296,8.71,54.21,0.34,-0.2,0.9,,,
11/20/2019,12:40:23,306,8.71,53.59,0.34,-0.19,0.91,,,
11/20/2019,12:40:35,316,8.71,53.09,0.34,-0.19,0.9,,,
11/20/2019,12:40:46,300,8.64,52.76,0.34,-0.2,0.91,,,
11/20/2019,12:40:58,299,8.58,52.68,0.34,-0.2,0.91,,,
11/20/2019,12:41:09,306,8.53,52.88,0.34,-0.19,0.9,,,
11/20/2019,12:41:20,332,8.46,53.3,0.34,-0.2,0.91,,,
11/20/2019,12:41:32,276,8.45,53.42,0.33,-0.19,0.9,,,
11/20/2019,12:41:43,287,8.42,53.34,0.33,-0.2,0.9,,,
11/20/2019,12:41:55,289,8.42,54.02,0.34,-0.2,0.9,,,
11/20/2019,12:42:06,371,8.38,53.72,0.34,-0.19,0.9,,,
11/20/2019,12:42:18,267,8.36,53.85,0.34,-0.19,0.9,,,
11/20/2019,12:52:59,293,8.38,52.84,0.34,-0.19,0.9,,,
11/20/2019,12:53:10,355,8.4,52.82,0.34,-0.2,0.91,,,
11/20/2019,12:53:22,279,8.38,52.68,0.34,-0.19,0.92,,,
11/20/2019,12:53:33,302,8.36,52.65,0.34,-0.19,0.9,,,
11/20/2019,12:53:44,331,8.38,52.72,0.34,-0.19,0.9,,,
11/20/2019,12:53:55,304,8.36,52.42,0.34,-0.19,0.91,,,
11/20/2019,12:54:06,276,8.38,52.14,0.34,-0.19,0.9,,,
11/20/2019,12:54:17,315,8.36,51.99,0.33,-0.19,0.91,,,
11/20/2019,12:54:28,284,8.36,52.19,0.34,-0.2,0.9,,,
11/20/2019,12:54:39,284,8.36,52.32,0.34,-0.19,0.9,,,
11/20/2019,12:54:51,316,8.36,52.37,0.34,-0.2,0.91,,,
11/20/2019,12:55:02,270,8.36,52.39,0.33,-0.2,0.9,,,
11/20/2019,12:55:13,270,8.38,52.3,0.34,-0.19,0.9,,,
11/20/2019,12:55:24,302,8.35,52.28,0.34,-0.2,0.91,,,
11/20/2019,12:55:35,295,8.36,52.25,0.34,-0.19,0.9,,,
11/20/2019,12:55:46,285,8.32,52.38,0.34,-0.19,0.91,,,
11/20/2019,12:55:57,293,8.32,52.54,0.34,-0.2,0.9,,,
11/20/2019,12:56:08,281,8.34,52.73,0.33,-0.19,0.91,,,
11/20/2019,12:56:19,289,8.35,52.95,0.34,-0.19,0.91,,,
11/20/2019,12:56:30,301,8.34,52.84,0.34,-0.2,0.9,,,
11/20/2019,12:56:41,288,8.35,52.75,0.34,-0.2,0.91,,,
11/20/2019,12:56:52,309,8.38,52.7,0.34,-0.2,0.91,,,
11/20/2019,12:57:03,310,8.43,52.81,0.34,-0.2,0.9,,,
11/20/2019,12:57:15,312,8.42,52.67,0.33,-0.2,0.9,,,
11/20/2019,12:57:26,308,8.47,52.64,0.34,-0.19,0.91,,,
11/20/2019,12:57:37,356,8.47,52.75,0.34,-0.19,0.9,,,
11/20/2019,12:57:48,280,8.46,52.86,0.34,-0.2,0.9,,,
11/20/2019,12:57:59,280,8.49,52.89,0.33,-0.2,0.91,,,
11/20/2019,12:58:10,337,8.47,53.05,0.34,-0.2,0.91,,,
11/20/2019,12:58:21,350,8.49,53.05,0.34,-0.2,0.9,,,
11/20/2019,12:58:34,307,8.49,52.8,0.34,-0.19,0.91,,,
11/20/2019,12:58:45,236,8.47,52.58,0.34,-0.19,0.9,,,
11/20/2019,12:58:57,305,8.45,52.35,0.34,-0.19,0.9,,,
11/20/2019,12:59:08,288,8.4,52.23,0.34,-0.19,0.91,,,
11/20/2019,12:59:19,276,8.39,52.16,0.33,-0.2,0.91,,,
11/20/2019,12:59:30,295,8.35,52.23,0.33,-0.2,0.9,,,
11/20/2019,12:59:41,357,8.34,52.16,0.34,-0.19,0.91,,,
11/20/2019,12:59:53,359,8.32,52.38,0.34,-0.19,0.9,,,
11/20/2019,13:00:04,298,8.31,52.49,0.34,-0.19,0.9,,,
11/20/2019,13:00:15,352,8.31,52.64,0.34,-0.19,0.91,,,
11/20/2019,13:00:27,303,8.32,52.69,0.34,-0.19,0.91,,,
11/20/2019,13:00:38,287,8.35,52.61,0.34,-0.19,0.9,,,
11/20/2019,13:00:49,322,8.34,52.64,0.33,-0.19,0.91,,,
11/20/2019,13:01:00,314,8.35,52.48,0.34,-0.2,0.91,,,
11/20/2019,13:01:12,287,8.35,52.44,0.34,-0.2,0.9,,,
11/20/2019,13:01:23,367,8.36,52.28,0.34,-0.19,0.91,,,
11/20/2019,13:01:34,280,8.36,52.15,0.33,-0.19,0.9,,,